{"cameraMode":{"drawMode":0,"name":"Shaded","section":"Shading Mode"},"sceneLighting":true,"audioPlay":false,"sceneViewState":{"m_AlwaysRefresh":false,"showFog":true,"showSkybox":true,"showFlares":true,"showImageEffects":true,"showParticleSystems":true,"showVisualEffectGraphs":true,"m_FxEnabled":true},"in2DMode":false,"pivot":{"x":-11.279998779296875,"y":13.659442901611329,"z":7.729999542236328},"rotation":{"x":0.053382936865091327,"y":0.586189329624176,"z":-0.038733914494514468,"w":0.8075340986251831},"size":4.612640857696533,"orthographic":true}