{"cameraMode":{"drawMode":0,"name":"Shaded","section":"Shading Mode"},"sceneLighting":true,"audioPlay":false,"sceneViewState":{"m_AlwaysRefresh":false,"showFog":true,"showSkybox":true,"showFlares":true,"showImageEffects":true,"showParticleSystems":true,"showVisualEffectGraphs":true,"m_FxEnabled":true},"in2DMode":false,"pivot":{"x":2.443185806274414,"y":17.515718460083009,"z":15.767504692077637},"rotation":{"x":0.34664151072502139,"y":-0.010410667397081852,"z":0.0038577078375965358,"w":0.9379638433456421},"size":26.058727264404298,"orthographic":true}